,weeks,intervals,word_size,window_size,n_bins,function,bop_accuracy,bop_recall,bop_precision,bop_f1,bop_pos-rate,bop_neg-rate,boss_accuracy,boss_recall,boss_precision,boss_f1,boss_pos-rate,boss_neg-rate,saxvsm_accuracy,saxvsm_recall,saxvsm_precision,saxvsm_f1,saxvsm_pos-rate,saxvsm_neg-rate
0,9,14,10,0.2,10,avg,0.8330935251798562,0.17857142857142858,0.24342891278375148,0.20516091930274039,0.08920863309352518,0.9107913669064748,0.5606714628297361,0.6746031746031745,0.1693634597785234,0.2707394003830243,0.4815347721822542,0.5184652278177458,0.6776978417266187,0.5595238095238094,0.20090557972101397,0.2956167861409797,0.3366906474820144,0.6633093525179855
1,9,14,10,0.2,10,count,0.8378896882494006,0.1706349206349206,0.25675450173698017,0.2028768696906517,0.08249400479616306,0.9175059952038369,0.1448441247002398,0.9642857142857143,0.12047445052809276,0.21418760199775577,0.9673860911270983,0.03261390887290168,0.6781774580335732,0.5595238095238094,0.20120056497175143,0.2959299712333693,0.33621103117505996,0.6637889688249401
2,9,14,10,0.2,10,max,0.8268585131894485,0.15476190476190477,0.21010583287369003,0.1769875424105937,0.0896882494004796,0.9103117505995204,0.6800959232613909,0.5436507936507936,0.19862258460584822,0.29083967781087944,0.33045563549160667,0.6695443645083934,0.6772182254196641,0.5595238095238094,0.20060163922183638,0.2952857892562445,0.33717026378896886,0.6628297362110311
3,9,14,10,0.2,14,avg,0.8326139088729017,0.16666666666666666,0.23466414824142312,0.19436454614504783,0.086810551558753,0.9131894484412469,0.6709832134292566,0.5555555555555555,0.19618094886426815,0.2898895945402971,0.3424460431654676,0.6575539568345324,0.6776978417266187,0.5595238095238094,0.20090557972101397,0.2956167861409797,0.3366906474820144,0.6633093525179855
4,9,14,10,0.2,14,count,0.8302158273381295,0.15873015873015872,0.21923501795084233,0.18332337714058144,0.08729016786570742,0.9127098321342926,0.20767386091127096,0.9246031746031745,0.12487434537996335,0.22003058292568256,0.8949640287769783,0.10503597122302159,0.6776978417266187,0.5595238095238094,0.20090557972101397,0.2956167861409797,0.3366906474820144,0.6633093525179855
5,9,14,10,0.2,14,max,0.8302158273381295,0.17460317460317462,0.23299162230865658,0.1988875807759726,0.09112709832134291,0.9088729016786571,0.6810551558752999,0.5595238095238094,0.20293935672463767,0.29780581056390515,0.3333333333333333,0.6666666666666666,0.6772182254196641,0.5595238095238094,0.20060163922183638,0.2952857892562445,0.33717026378896886,0.6628297362110311
6,9,14,10,0.5,10,avg,0.8378896882494006,0.18253968253968253,0.26028184386235237,0.21439374676784748,0.0853717026378897,0.9146282973621104,0.5952038369304556,0.5634920634920634,0.16225043730019906,0.2519204964398019,0.42014388489208637,0.5798561151079137,0.7112709832134293,0.43253968253968256,0.1919561332063421,0.2658937087336606,0.2724220623501199,0.7275779376498801
7,9,14,10,0.5,10,count,0.8330935251798562,0.17857142857142858,0.2435672514619883,0.20588773837381577,0.08920863309352518,0.9107913669064748,0.16402877697841728,0.9285714285714285,0.1194447501628987,0.21166259636848891,0.939568345323741,0.060431654676258995,0.7112709832134293,0.44047619047619047,0.1941419363405179,0.26948591678193196,0.27434052757793764,0.7256594724220623
8,9,14,10,0.5,10,max,0.8321342925659473,0.15476190476190477,0.22151881720430108,0.18171637186153644,0.08441247002398082,0.9155875299760191,0.7122302158273381,0.4285714285714286,0.19147774091421632,0.26467304068671926,0.27050359712230215,0.7294964028776979,0.7112709832134293,0.43253968253968256,0.1919561332063421,0.2658937087336606,0.2724220623501199,0.7275779376498801
9,9,14,10,0.5,14,avg,0.8350119904076738,0.19047619047619047,0.25638773837435697,0.21840049019016863,0.09016786570743406,0.909832134292566,0.698800959232614,0.43253968253968256,0.18310998239086226,0.25721030893360636,0.28489208633093527,0.7151079136690649,0.7112709832134293,0.43253968253968256,0.1919561332063421,0.2658937087336606,0.2724220623501199,0.7275779376498801
10,9,14,10,0.5,14,count,0.8330935251798562,0.1626984126984127,0.23301516454285778,0.19131034742330755,0.08537170263788968,0.9146282973621104,0.23884892086330933,0.8611111111111112,0.1226641491759609,0.2147340331739189,0.848441247002398,0.1515587529976019,0.7112709832134293,0.43253968253968256,0.19198657805692507,0.26592495671187333,0.2724220623501199,0.72757793764988
11,9,14,10,0.5,14,max,0.8321342925659471,0.1626984126984127,0.22804543127123775,0.18973806138203778,0.08633093525179857,0.9136690647482014,0.7112709832134292,0.42063492063492064,0.18852891433536598,0.26036041312794084,0.2695443645083933,0.7304556354916066,0.7112709832134293,0.43253968253968256,0.1919561332063421,0.2658937087336606,0.2724220623501199,0.7275779376498801
12,9,14,30,0.5,10,avg,0.8350119904076738,0.17460317460317462,0.24639108848667676,0.20375700084872347,0.08633093525179857,0.9136690647482014,0.7127098321342925,0.43253968253968256,0.19291059189191617,0.2668159991760965,0.27098321342925663,0.7290167865707434,0.7127098321342925,0.43253968253968256,0.19291059189191617,0.2668159991760965,0.27098321342925663,0.7290167865707434
13,9,14,30,0.5,10,count,0.8321342925659473,0.1626984126984127,0.22956491437674234,0.19018005498053145,0.08633093525179857,0.9136690647482014,0.4551558752997602,0.6309523809523809,0.13231339503471354,0.21873118616039747,0.5764988009592326,0.4235011990407674,0.7127098321342925,0.43253968253968256,0.19291059189191617,0.2668159991760965,0.27098321342925663,0.7290167865707434
14,9,14,30,0.5,10,max,0.8302158273381295,0.17460317460317462,0.23410575156562205,0.19928675117924408,0.09112709832134291,0.9088729016786571,0.7127098321342925,0.43253968253968256,0.19291059189191617,0.2668159991760965,0.27098321342925663,0.7290167865707434,0.7127098321342925,0.43253968253968256,0.19291059189191617,0.2668159991760965,0.27098321342925663,0.7290167865707434
15,9,14,30,0.5,14,avg,0.8292565947242206,0.16666666666666666,0.22760845631785054,0.19146601089205947,0.09016786570743406,0.9098321342925658,0.7127098321342925,0.43253968253968256,0.19291059189191617,0.2668159991760965,0.27098321342925663,0.7290167865707434,0.7127098321342925,0.43253968253968256,0.19291059189191617,0.2668159991760965,0.27098321342925663,0.7290167865707434
16,9,14,30,0.5,14,count,0.8302158273381295,0.1626984126984127,0.22365967365967365,0.18811346714393404,0.08824940047961631,0.9117505995203837,0.5352517985611511,0.5357142857142857,0.13676700693698016,0.21787583404079766,0.47338129496402875,0.5266187050359713,0.7127098321342925,0.43253968253968256,0.19291059189191617,0.2668159991760965,0.27098321342925663,0.7290167865707434
17,9,14,30,0.5,14,max,0.8306954436450839,0.16666666666666666,0.22875495209139488,0.19241657436301832,0.08872901678657075,0.9112709832134293,0.7127098321342925,0.43253968253968256,0.19291059189191617,0.2668159991760965,0.27098321342925663,0.7290167865707434,0.7127098321342925,0.43253968253968256,0.19291059189191617,0.2668159991760965,0.27098321342925663,0.7290167865707434
18,9,14,50,0.5,10,avg,0.8359712230215828,0.16666666666666666,0.24369482976040355,0.19766734279918863,0.08345323741007193,0.9165467625899281,0.7127098321342925,0.43253968253968256,0.19291059189191617,0.2668159991760965,0.27098321342925663,0.7290167865707434,0.7127098321342925,0.43253968253968256,0.19291059189191617,0.2668159991760965,0.27098321342925663,0.7290167865707434
19,9,14,50,0.5,10,count,0.8383693045563548,0.17460317460317462,0.25512265512265514,0.2071159399011403,0.08297362110311751,0.9170263788968825,0.6872901678657074,0.4365079365079365,0.17776616005106857,0.2525835896817259,0.2973621103117506,0.7026378896882494,0.7127098321342925,0.43253968253968256,0.19291059189191617,0.2668159991760965,0.27098321342925663,0.7290167865707434
20,9,14,50,0.5,10,max,0.8302158273381295,0.17857142857142858,0.23519679554162312,0.20276171649781735,0.0920863309352518,0.9079136690647482,0.7127098321342925,0.43253968253968256,0.19291059189191617,0.2668159991760965,0.27098321342925663,0.7290167865707434,0.7127098321342925,0.43253968253968256,0.19291059189191617,0.2668159991760965,0.27098321342925663,0.7290167865707434
21,9,14,50,0.5,14,avg,0.8359712230215827,0.17460317460317457,0.2470808167960886,0.20457188663351542,0.0853717026378897,0.9146282973621104,0.7127098321342925,0.43253968253968256,0.19291059189191617,0.2668159991760965,0.27098321342925663,0.7290167865707434,0.7127098321342925,0.43253968253968256,0.19291059189191617,0.2668159991760965,0.27098321342925663,0.7290167865707434
22,9,14,50,0.5,14,count,0.8292565947242206,0.17460317460317457,0.2324938108771544,0.19844683393070486,0.0920863309352518,0.9079136690647482,0.7040767386091128,0.4285714285714286,0.18589079314467916,0.25930670393230076,0.2786570743405276,0.7213429256594724,0.7127098321342925,0.43253968253968256,0.19291059189191617,0.2668159991760965,0.27098321342925663,0.7290167865707434
23,9,14,50,0.5,14,max,0.8316546762589928,0.17857142857142858,0.23786525974025974,0.2035107610647179,0.09064748201438849,0.9093525179856116,0.7127098321342925,0.43253968253968256,0.19291059189191617,0.2668159991760965,0.27098321342925663,0.7290167865707434,0.7127098321342925,0.43253968253968256,0.19291059189191617,0.2668159991760965,0.27098321342925663,0.7290167865707434
24,9,168,10,0.2,10,avg,0.8167865707434053,0.14682539682539683,0.17858985143375739,0.16093703789290098,0.09784172661870505,0.902158273381295,0.3342925659472422,0.8174603174603176,0.13307955217905876,0.22888140409712798,0.7424460431654677,0.25755395683453236,0.671462829736211,0.4682539682539682,0.17656528932899304,0.25608759052417845,0.320863309352518,0.679136690647482
25,9,168,10,0.2,10,count,0.8177458033573141,0.1626984126984127,0.18920158394698236,0.17401613968050275,0.10071942446043165,0.8992805755395684,0.15299760191846523,0.9523809523809524,0.12036274162022664,0.21371532067414015,0.9563549160671463,0.04364508393285371,0.6719424460431656,0.47222222222222215,0.1778852578068264,0.2580505655355954,0.3213429256594724,0.6786570743405275
26,9,168,10,0.2,10,max,0.8105515587529976,0.15476190476190477,0.17263939763939765,0.16277831042931712,0.10599520383693045,0.8940047961630695,0.24556354916067144,0.8888888888888888,0.1266210665492851,0.22165981777326316,0.848441247002398,0.15155875299760194,0.671462829736211,0.4682539682539682,0.1766219790241678,0.256118198385837,0.320863309352518,0.679136690647482
27,9,168,10,0.2,14,avg,0.8148681055155875,0.15873015873015872,0.1814599004334726,0.16824884151784714,0.1026378896882494,0.8973621103117506,0.5127098321342926,0.6150793650793651,0.14444421746965258,0.23381485346705322,0.5151079136690647,0.4848920863309352,0.6733812949640288,0.4682539682539682,0.1777097520264457,0.2572518670079646,0.31894484412470026,0.6810551558752996
28,9,168,10,0.2,14,count,0.807673860911271,0.13095238095238093,0.14932930918846413,0.13891022358764293,0.10311750599520385,0.896882494004796,0.1884892086330935,0.9404761904761906,0.12381313856904154,0.2188170939974714,0.9179856115107913,0.08201438848920863,0.6709832134292566,0.4682539682539682,0.17640339935641489,0.25586249934994015,0.3213429256594724,0.6786570743405277
29,9,168,10,0.2,14,max,0.8043165467625899,0.13888888888888887,0.14670710052946023,0.14192113212094015,0.10839328537170263,0.8916067146282973,0.41294964028776976,0.7063492063492064,0.134050719395547,0.22530165790017878,0.6369304556354916,0.3630695443645084,0.6733812949640288,0.4682539682539682,0.1777097520264457,0.2572518670079646,0.31894484412470026,0.6810551558752996
30,9,168,10,0.5,10,avg,0.8139088729016787,0.1626984126984127,0.18539786134722847,0.1730932437853315,0.10455635491606714,0.8954436450839328,0.4810551558752998,0.5555555555555556,0.12609307174652926,0.2055305163424029,0.5323741007194244,0.4676258992805755,0.7050359712230216,0.3611111111111111,0.1669599592544061,0.22796802195298438,0.26139088729016785,0.7386091127098321
31,9,168,10,0.5,10,count,0.8163069544364508,0.1626984126984127,0.19088882132360396,0.17542483660130723,0.10215827338129496,0.897841726618705,0.1750599520383693,0.9206349206349206,0.12008175844366313,0.21245231363646147,0.9266187050359712,0.07338129496402877,0.7016786570743405,0.36904761904761907,0.1677815101690002,0.2303386515697375,0.26666666666666666,0.7333333333333334
32,9,168,10,0.5,10,max,0.818705035971223,0.18253968253968253,0.20906432748538015,0.19472222222222224,0.10455635491606714,0.8954436450839328,0.38417266187050353,0.6865079365079364,0.125654548774667,0.2124223142819899,0.6609112709832133,0.33908872901678655,0.7059952038369305,0.3650793650793651,0.1692979607301858,0.23090599876314163,0.26139088729016785,0.7386091127098321
33,9,168,10,0.5,14,avg,0.8201438848920862,0.17857142857142858,0.21140588139116623,0.19351470797017425,0.10215827338129496,0.897841726618705,0.6647482014388489,0.4087301587301588,0.15786375214346146,0.22763331826712843,0.31318944844124696,0.6868105515587529,0.706474820143885,0.3531746031746032,0.16513595229817854,0.22468060617517494,0.25803357314148684,0.7419664268585131
34,9,168,10,0.5,14,count,0.8235011990407674,0.1706349206349206,0.20800310800310798,0.18694409320321195,0.09688249400479616,0.9031175059952039,0.21726618705035972,0.8809523809523809,0.12170104701216893,0.21385692910888354,0.8748201438848922,0.12517985611510793,0.7050359712230216,0.36904761904761907,0.16967669480259218,0.2320765202034043,0.26330935251798565,0.7366906474820144
35,9,168,10,0.5,14,max,0.8177458033573141,0.17460317460317462,0.1997685185185185,0.18596645425913716,0.10359712230215828,0.8964028776978418,0.5328537170263788,0.507936507936508,0.13123538765120793,0.20852096410873885,0.4690647482014388,0.5309352517985612,0.706474820143885,0.35714285714285715,0.1666073639418625,0.22688659144994328,0.2589928057553957,0.7410071942446043
36,9,168,30,0.2,10,avg,0.8129496402877697,0.1388888888888889,0.16163606066145955,0.14842558667418757,0.09976019184652278,0.9002398081534772,0.674820143884892,0.4761904761904762,0.18050444202657015,0.2613568616842819,0.3194244604316547,0.6805755395683454,0.6700239808153476,0.4761904761904762,0.1777868102763184,0.2585136730581729,0.32422062350119907,0.6757793764988009
37,9,168,30,0.2,10,count,0.8052757793764987,0.13888888888888887,0.1540903540903541,0.14568924104190661,0.10743405275779376,0.8925659472422062,0.29976019184652275,0.753968253968254,0.11964213183226434,0.20649384579559746,0.761630695443645,0.23836930455635494,0.6705035971223022,0.4801587301587302,0.17905315782307177,0.2604460718493797,0.3247002398081535,0.6752997601918466
38,9,168,30,0.2,10,max,0.8158273381294965,0.1706349206349206,0.192026226063164,0.18022007570776885,0.10455635491606714,0.8954436450839328,0.675779376498801,0.4761904761904762,0.18109553655297508,0.2619550727190704,0.31846522781774583,0.6815347721822542,0.6695443645083933,0.4761904761904762,0.17750160997795503,0.25821990766373637,0.3247002398081535,0.6752997601918466
39,9,168,30,0.2,14,avg,0.8129496402877697,0.1706349206349206,0.1845580590696243,0.17627449544866633,0.10743405275779376,0.8925659472422063,0.6748201438848921,0.4761904761904762,0.18044064270026583,0.26131173229167726,0.3194244604316547,0.6805755395683453,0.6705035971223022,0.4801587301587302,0.1790592423767089,0.2604570441290608,0.3247002398081535,0.6752997601918466
40,9,168,30,0.2,14,count,0.8158273381294965,0.15079365079365079,0.1774405948820206,0.1619537773383927,0.0997601918465228,0.9002398081534772,0.42254196642685854,0.6746031746031745,0.13171714817237434,0.22035482620703228,0.6196642685851319,0.3803357314148681,0.6705035971223022,0.4801587301587302,0.17905315782307177,0.2604460718493797,0.3247002398081535,0.6752997601918466
41,9,168,30,0.2,14,max,0.8071942446043164,0.15476190476190477,0.16573378504443462,0.15888830227656522,0.10935251798561152,0.8906474820143885,0.6738609112709831,0.4761904761904762,0.17991485949635408,0.26075525353943313,0.3203836930455636,0.6796163069544364,0.6709832134292566,0.4801587301587302,0.17928747471723158,0.26071456641351753,0.324220623501199,0.6757793764988009
42,9,168,30,0.5,10,avg,0.8095923261390888,0.1706349206349206,0.18578636891889908,0.17770455561540058,0.11079136690647483,0.8892086330935252,0.705515587529976,0.36507936507936506,0.1691442146180778,0.23101399557511124,0.2618705035971223,0.7381294964028777,0.7040767386091127,0.373015873015873,0.1705891432981734,0.2338962095385124,0.26522781774580334,0.7347721822541966
43,9,168,30,0.5,10,count,0.8206235011990408,0.17460317460317462,0.20735773011138695,0.18902784720194488,0.10071942446043165,0.8992805755395684,0.4508393285371703,0.5873015873015873,0.12451898135571049,0.2054293702688199,0.570263788968825,0.4297362110311751,0.7031175059952038,0.373015873015873,0.17002381527995147,0.23336687195326036,0.26618705035971224,0.7338129496402878
44,9,168,30,0.5,10,max,0.8172661870503598,0.1626984126984127,0.19320261437908495,0.17654198389054399,0.1011990407673861,0.8988009592326138,0.7059952038369305,0.35714285714285715,0.16715914804150098,0.2275759161204932,0.2594724220623501,0.7405275779376499,0.7035971223021583,0.373015873015873,0.17026427962489343,0.23360573201421084,0.2657074340527578,0.7342925659472422
45,9,168,30,0.5,14,avg,0.8081534772182254,0.13888888888888887,0.15816155522037875,0.14778160976991386,0.10455635491606714,0.8954436450839328,0.7050359712230216,0.3611111111111111,0.16748881873191265,0.22866127583108717,0.26139088729016785,0.7386091127098321,0.7040767386091127,0.373015873015873,0.1705891432981734,0.2338962095385124,0.26522781774580334,0.7347721822541966
46,9,168,30,0.5,14,count,0.8196642685851319,0.16666666666666666,0.2012071286081669,0.1822745852741957,0.09976019184652278,0.9002398081534772,0.6163069544364509,0.41269841269841273,0.1379513850884245,0.2066090134668781,0.3625899280575539,0.6374100719424459,0.7031175059952038,0.373015873015873,0.17002381527995147,0.23336687195326036,0.26618705035971224,0.7338129496402878
47,9,168,30,0.5,14,max,0.8143884892086332,0.16269841269841268,0.1883113883113883,0.17434071948462304,0.1040767386091127,0.8959232613908873,0.7050359712230216,0.35714285714285715,0.16617921832037613,0.22667636641674802,0.260431654676259,0.7395683453237409,0.7035971223021583,0.373015873015873,0.17034867895323144,0.23365734947756192,0.2657074340527578,0.7342925659472422
48,9,168,50,0.2,10,avg,0.8182254196642686,0.15476190476190474,0.18467441867983023,0.16757286831966275,0.09832134292565947,0.9016786570743406,0.6729016786570744,0.4801587301587302,0.18043937373124821,0.2618867598641806,0.3223021582733813,0.6776978417266187,0.6719424460431654,0.4801587301587302,0.1798636953643077,0.26130417444456167,0.32326139088729017,0.6767386091127098
49,9,168,50,0.2,10,count,0.8062350119904077,0.1626984126984127,0.17247474747474748,0.1668683431020357,0.11223021582733812,0.8877697841726618,0.6316546762589929,0.49603174603174605,0.16336151257520362,0.24547654695049745,0.3673860911270983,0.6326139088729017,0.671462829736211,0.4801587301587302,0.17963546302378508,0.2610466521601049,0.3237410071942446,0.6762589928057553
50,9,168,50,0.2,10,max,0.8153477218225419,0.16666666666666666,0.18723436551305406,0.17567049808429117,0.1040767386091127,0.8959232613908873,0.6724220623501199,0.4801587301587302,0.1801501440203216,0.2615944661484955,0.32278177458033575,0.6772182254196643,0.6709832134292566,0.4801587301587302,0.17934294989725852,0.2607453543196572,0.32422062350119907,0.6757793764988009
51,9,168,50,0.2,14,avg,0.8105515587529976,0.15476190476190474,0.17174425133872936,0.1621784345922277,0.10599520383693045,0.8940047961630695,0.6729016786570744,0.4801587301587302,0.18043937373124821,0.2618867598641806,0.3223021582733813,0.6776978417266187,0.6719424460431654,0.4801587301587302,0.1798636953643077,0.26130417444456167,0.32326139088729017,0.6767386091127098
52,9,168,50,0.2,14,count,0.8139088729016787,0.1706349206349206,0.18696541688067111,0.17739159577685248,0.10647482014388489,0.8935251798561152,0.660431654676259,0.48809523809523814,0.17553056512179555,0.2578867167834555,0.33669064748201444,0.6633093525179857,0.671462829736211,0.4801587301587302,0.17963546302378508,0.2610466521601049,0.3237410071942446,0.6762589928057553
53,9,168,50,0.2,14,max,0.8129496402877697,0.1626984126984127,0.18333333333333335,0.17190476190476192,0.10551558752997602,0.8944844124700241,0.6729016786570744,0.4801587301587302,0.18043937373124821,0.2618867598641806,0.3223021582733813,0.6776978417266187,0.6724220623501199,0.4801587301587302,0.1801501440203216,0.2615944661484955,0.32278177458033575,0.6772182254196643
54,9,168,50,0.5,10,avg,0.8139088729016786,0.16666666666666666,0.19038135880241144,0.1776864485725245,0.10551558752997602,0.8944844124700241,0.7031175059952038,0.373015873015873,0.16999216334138179,0.23337630338837015,0.2661870503597122,0.7338129496402878,0.7026378896882494,0.373015873015873,0.16958089668615983,0.23297537735096832,0.26666666666666666,0.7333333333333334
55,9,168,50,0.5,10,count,0.818705035971223,0.1706349206349206,0.1996452337468774,0.18366861234126497,0.10167865707434054,0.8983213429256595,0.7021582733812949,0.36111111111111116,0.16545366799544667,0.22676354980904448,0.2642685851318945,0.7357314148681056,0.7021582733812949,0.373015873015873,0.1693404323412179,0.23273651729001785,0.26714628297362114,0.7328537170263788
56,9,168,50,0.5,10,max,0.8163069544364508,0.1626984126984127,0.19132102026838868,0.1755722753236316,0.10215827338129496,0.897841726618705,0.7040767386091128,0.373015873015873,0.17060534806240077,0.2339641617294119,0.26522781774580334,0.7347721822541966,0.7026378896882494,0.373015873015873,0.16958089668615983,0.23297537735096832,0.26666666666666666,0.7333333333333334
57,9,168,50,0.5,14,avg,0.8220623501199041,0.1626984126984127,0.19999999999999998,0.17891039777832232,0.09640287769784173,0.9035971223021582,0.7026378896882494,0.373015873015873,0.16962588473205256,0.23303158503258356,0.26666666666666666,0.7333333333333334,0.7026378896882494,0.373015873015873,0.16958089668615983,0.23297537735096832,0.26666666666666666,0.7333333333333334
58,9,168,50,0.5,14,count,0.8134292565947243,0.17857142857142858,0.19714766135999015,0.18731666676499067,0.10887290167865708,0.891127098321343,0.704556354916067,0.36111111111111116,0.16678970596779008,0.22799236441073586,0.2618705035971223,0.7381294964028777,0.7026378896882494,0.373015873015873,0.16958089668615983,0.23297537735096832,0.26666666666666666,0.7333333333333334
59,9,168,50,0.5,14,max,0.8153477218225419,0.16666666666666666,0.19013532763532762,0.17733328856262232,0.1040767386091127,0.8959232613908873,0.7031175059952038,0.373015873015873,0.16999216334138179,0.23337630338837015,0.2661870503597122,0.7338129496402878,0.7026378896882494,0.373015873015873,0.16958089668615983,0.23297537735096832,0.26666666666666666,0.7333333333333334
60,17,14,10,0.2,10,avg,0.8453255017131669,0.13580246913580246,0.2342862693267006,0.17119746768115096,0.0680372001957905,0.9319627998042095,0.5188448360254528,0.691358024691358,0.1562328761391209,0.25486114406355187,0.5266764561918748,0.4733235438081253,0.6123348017621145,0.6213991769547326,0.17749248725608235,0.27609969436810045,0.41654429760156636,0.5834557023984336
61,17,14,10,0.2,10,count,0.8502202643171805,0.1646090534979424,0.2806617192331478,0.2073642591505187,0.069995105237396,0.930004894762604,0.15369554576603034,0.9382716049382717,0.11738891342079642,0.20867007954032224,0.9505628976994616,0.04943710230053842,0.6084189916789035,0.6337448559670782,0.17813107601839995,0.27807494382836856,0.42339696524718545,0.5766030347528145
62,17,14,10,0.2,10,max,0.8482623592755751,0.1522633744855967,0.26587301587301587,0.19285565868180332,0.06901615271659324,0.9309838472834068,0.6098874204601077,0.6213991769547326,0.1764198431632873,0.2748071777903102,0.4189916789035732,0.5810083210964269,0.6123348017621145,0.6213991769547326,0.17749248725608235,0.27609969436810045,0.41654429760156636,0.5834557023984336
63,17,14,10,0.2,14,avg,0.8453255017131669,0.15637860082304525,0.2568738229755179,0.19365079365079363,0.0729319627998042,0.9270680372001959,0.5849241311796377,0.6419753086419754,0.17011678988535306,0.26896145452598036,0.4488497307880568,0.5511502692119432,0.6123348017621145,0.6213991769547326,0.17749248725608235,0.27609969436810045,0.41654429760156636,0.5834557023984336
64,17,14,10,0.2,14,count,0.8467939304943709,0.14814814814814814,0.25207641196013286,0.18589592653637863,0.06950562897699462,0.9304943710230053,0.1943220753793441,0.9012345679012346,0.11896909224468062,0.21018961974661995,0.9011257953989231,0.09887420460107683,0.6123348017621145,0.6296296296296297,0.17906282814241567,0.2788098443363823,0.4185022026431718,0.5814977973568282
65,17,14,10,0.2,14,max,0.8487518355359764,0.15637860082304525,0.2669506360135372,0.19631076265146116,0.06950562897699462,0.9304943710230055,0.6123348017621146,0.6172839506172839,0.17675929694335094,0.274808087489514,0.41556534508076365,0.5844346549192365,0.6123348017621145,0.6213991769547326,0.17749248725608235,0.27609969436810045,0.41654429760156636,0.5834557023984336
66,17,14,10,0.5,10,avg,0.8379833578071464,0.16872427983539096,0.23809994227692358,0.19588509837291457,0.08321096426823299,0.9167890357317671,0.5447870778267254,0.6460905349794238,0.15710859349697825,0.2527143897321286,0.48996573666177196,0.5100342633382281,0.6470876162506118,0.551440329218107,0.1795669074544406,0.27088684793262424,0.36514929025942244,0.6348507097405776
67,17,14,10,0.5,10,count,0.8355359765051394,0.17695473251028804,0.24173480840147507,0.2036104017275294,0.08761625061184532,0.9123837493881547,0.22613803230543317,0.8888888888888888,0.12202719658847438,0.2145921960797026,0.8663729809104258,0.13362701908957417,0.6431718061674009,0.5555555555555556,0.17851921313661748,0.2701958784159495,0.3700440528634361,0.6299559471365639
68,17,14,10,0.5,10,max,0.8345570239843368,0.16049382716049382,0.22396925227113904,0.18568731052141632,0.0846793930494371,0.9153206069505629,0.6412139011257955,0.5761316872427983,0.18175471898277604,0.27629934304350817,0.37689672050905526,0.6231032794909447,0.6470876162506118,0.551440329218107,0.1795669074544406,0.27088684793262424,0.36514929025942244,0.6348507097405776
69,17,14,10,0.5,14,avg,0.8365149290259423,0.1646090534979424,0.23415775401069516,0.19248478226939283,0.08370044052863436,0.9162995594713657,0.61429270680372,0.5925925925925926,0.1729572157343714,0.2677203018385906,0.4077337249143416,0.5922662750856583,0.6465981399902104,0.551440329218107,0.17932713941607772,0.2706162800546944,0.36563876651982374,0.6343612334801763
70,17,14,10,0.5,14,count,0.8345570239843368,0.16872427983539096,0.22458228905597324,0.19090421359239063,0.08663729809104259,0.9133627019089575,0.2770435633871757,0.8724279835390947,0.1278509706979458,0.22301553835579258,0.8115516397454723,0.18844836025452763,0.6475770925110133,0.551440329218107,0.17981984678709195,0.27117170937631324,0.364659813999021,0.635340186000979
71,17,14,10,0.5,14,max,0.8355359765051396,0.1728395061728395,0.2372384499184876,0.19929732103645148,0.08663729809104258,0.9133627019089574,0.6485560450318159,0.551440329218107,0.18034011958692941,0.2717717474022859,0.3636808614782183,0.6363191385217818,0.6465981399902104,0.551440329218107,0.17932713941607772,0.2706162800546944,0.36563876651982374,0.6343612334801763
72,17,14,30,0.2,10,avg,0.8487518355359764,0.14403292181069957,0.25548710475181063,0.1835580877756676,0.06656877141458639,0.9334312285854135,0.6118453255017132,0.6172839506172839,0.17654055772256738,0.27454427406648413,0.41605482134116495,0.5839451786588351,0.6123348017621145,0.6213991769547326,0.17749248725608235,0.27609969436810045,0.41654429760156636,0.5834557023984336
73,17,14,30,0.2,10,count,0.8487518355359764,0.1646090534979424,0.27755102040816326,0.20614170621344222,0.0714635340186001,0.9285364659813999,0.3240332843857073,0.794238683127572,0.12661842514783692,0.21841583872040723,0.7459618208516887,0.2540381791483113,0.6123348017621145,0.6213991769547326,0.17749248725608235,0.27609969436810045,0.41654429760156636,0.5834557023984336
74,17,14,30,0.2,10,max,0.8458149779735683,0.13991769547325103,0.23964424951267058,0.1759943253787303,0.06852667645619187,0.9314733235438082,0.6123348017621145,0.6172839506172839,0.1767526624070508,0.2747984458554904,0.41556534508076365,0.5844346549192364,0.6128242780225159,0.6213991769547326,0.17770459194056584,0.2763538661571067,0.41605482134116495,0.5839451786588351
75,17,14,30,0.2,14,avg,0.8463044542339696,0.13991769547325103,0.24451417087076,0.17745043758681314,0.06803720019579051,0.9319627998042095,0.6123348017621145,0.6172839506172839,0.1767526624070508,0.2747984458554904,0.41556534508076365,0.5844346549192364,0.6123348017621145,0.6213991769547326,0.17749248725608235,0.27609969436810045,0.41654429760156636,0.5834557023984336
76,17,14,30,0.2,14,count,0.8433675966715614,0.15637860082304525,0.2509918510132689,0.19225118996262713,0.07488986784140969,0.9251101321585903,0.4512971120900637,0.7078189300411523,0.14071067017081462,0.23474627224627223,0.5981399902104748,0.40186000978952524,0.6123348017621145,0.6213991769547326,0.17749248725608235,0.27609969436810045,0.41654429760156636,0.5834557023984336
77,17,14,30,0.2,14,max,0.8433675966715614,0.14814814814814814,0.2391032579056441,0.18227535511926105,0.07293196279980421,0.9270680372001957,0.6123348017621145,0.6172839506172839,0.1767526624070508,0.2747984458554904,0.41556534508076365,0.5844346549192364,0.6128242780225159,0.6213991769547326,0.17770459194056584,0.2763538661571067,0.41605482134116495,0.5839451786588351
78,17,14,30,0.5,10,avg,0.8306412139011258,0.16049382716049382,0.21622647237401335,0.18310430042381257,0.08859520313264807,0.9114047968673519,0.648556045031816,0.551440329218107,0.1803364862442399,0.2717489176508165,0.3636808614782183,0.6363191385217816,0.6480665687714146,0.5473251028806584,0.17924506333830106,0.2700194125632569,0.36319138521781696,0.6368086147821831
79,17,14,30,0.5,10,count,0.8389623103279491,0.1728395061728395,0.24686868686868682,0.20271762649079986,0.08321096426823299,0.9167890357317671,0.46989720998531576,0.6790123456790124,0.14100185937446616,0.23351244350234,0.5726872246696035,0.42731277533039647,0.6480665687714146,0.5473251028806584,0.17924506333830106,0.2700194125632569,0.36319138521781696,0.6368086147821831
80,17,14,30,0.5,10,max,0.8365149290259423,0.1522633744855967,0.22331604389400517,0.1801716489216489,0.08076358296622614,0.9192364170337739,0.6480665687714146,0.551440329218107,0.18008291316909006,0.27146512541253415,0.3641703377386197,0.6358296622613803,0.6480665687714146,0.5473251028806584,0.17924506333830106,0.2700194125632569,0.36319138521781696,0.6368086147821831
81,17,14,30,0.5,14,avg,0.8370044052863436,0.1646090534979424,0.2308429118773946,0.19164549675416043,0.08321096426823299,0.9167890357317671,0.6475770925110133,0.551440329218107,0.17984702012190046,0.2711978520975992,0.364659813999021,0.635340186000979,0.6480665687714146,0.5473251028806584,0.17924506333830106,0.2700194125632569,0.36319138521781696,0.6368086147821831
82,17,14,30,0.5,14,count,0.8384728340675478,0.1522633744855967,0.23155929038281978,0.18212737954103153,0.07880567792462066,0.9211943220753794,0.6000978952520803,0.5761316872427984,0.1640929388447119,0.2553885728894241,0.4180127263827704,0.5819872736172296,0.6475770925110133,0.5473251028806584,0.17900529529993814,0.26974884468532706,0.36368086147821826,0.6363191385217816
83,17,14,30,0.5,14,max,0.8370044052863436,0.1810699588477366,0.2478937728937729,0.20850308203922094,0.08712677435144396,0.9128732256485561,0.6480665687714146,0.551440329218107,0.18008291316909006,0.27146512541253415,0.3641703377386197,0.6358296622613803,0.6480665687714146,0.5473251028806584,0.17924506333830106,0.2700194125632569,0.36319138521781696,0.6368086147821831
84,17,14,50,0.5,10,avg,0.8379833578071464,0.1728395061728395,0.24605684005591785,0.2020570915604837,0.08418991678903572,0.9158100832109642,0.6480665687714146,0.551440329218107,0.18008291316909006,0.27146512541253415,0.3641703377386197,0.6358296622613803,0.6480665687714146,0.551440329218107,0.18008291316909006,0.27146512541253415,0.3641703377386197,0.6358296622613803
85,17,14,50,0.5,10,count,0.8379833578071464,0.1810699588477366,0.24690957882447243,0.2073213156230234,0.08614782183064122,0.9138521781693588,0.6338717572197748,0.5596707818930041,0.17499924649095452,0.2665671607829992,0.3803230543318649,0.6196769456681351,0.6480665687714146,0.551440329218107,0.18008291316909006,0.27146512541253415,0.3641703377386197,0.6358296622613803
86,17,14,50,0.5,10,max,0.8384728340675478,0.1728395061728395,0.2431457431457431,0.20067927184310716,0.08370044052863436,0.9162995594713657,0.6480665687714146,0.551440329218107,0.18008291316909006,0.27146512541253415,0.3641703377386197,0.6358296622613803,0.6480665687714146,0.551440329218107,0.18008291316909006,0.27146512541253415,0.3641703377386197,0.6358296622613803
87,17,14,50,0.5,14,avg,0.8286833088595204,0.15637860082304525,0.2028804773082942,0.17574013890647497,0.08957415565345082,0.9104258443465492,0.6480665687714146,0.551440329218107,0.18008291316909006,0.27146512541253415,0.3641703377386197,0.6358296622613803,0.6480665687714146,0.551440329218107,0.18008291316909006,0.27146512541253415,0.3641703377386197,0.6358296622613803
88,17,14,50,0.5,14,count,0.8345570239843368,0.17695473251028804,0.23271186440677968,0.20009622169478478,0.08859520313264807,0.9114047968673519,0.6417033773861968,0.551440329218107,0.1769642960846053,0.2679053622322673,0.37053352912383747,0.6294664708761625,0.6480665687714146,0.551440329218107,0.18008291316909006,0.27146512541253415,0.3641703377386197,0.6358296622613803
89,17,14,50,0.5,14,max,0.8311306901615271,0.14403292181069957,0.20515996681837545,0.16792335953520166,0.08418991678903572,0.9158100832109642,0.6480665687714146,0.551440329218107,0.18008291316909006,0.27146512541253415,0.3641703377386197,0.6358296622613803,0.6480665687714146,0.551440329218107,0.18008291316909006,0.27146512541253415,0.3641703377386197,0.6358296622613803
